Create DataBase CSE_3A_103

Create Table Deposite(
    ACTNO INT,
	CNAME VARCHAR(50),
	BNAME VARCHAR(50),
	AMOUNT DECIMAL(8,2),
	ADATE  DATETIME
	);

Create Table Branch(
    BNAME VARCHAR(50),
	CITY VARCHAR(50)
    );

Create Table Customers(
    CNAME VARCHAR(50),
	CITY VARCHAR(50)
    );

Create Table Borrow(
    LOANNO INT,
	CNAME VARCHAR(50),
	BNAME VARCHAR(50),
	AMOUNT DECIMAL(8,2)
);

INSERT INTO deposite VALUES (101,'ANIL','VRCE',1000,'1995-3-1')
INSERT INTO deposite VALUES (102,'SUNIL','AJNI',5000,'1996-1-4')
INSERT INTO deposite VALUES (103,'MHEUL','KAROLBAGH',3500,'1995-11-17')
INSERT INTO deposite VALUES (104,'MADHURI','CHANDI',1200,'1995-12-17')
INSERT INTO deposite VALUES (105,'PRAMOD','M.G.ROAD',3000,'1996-3-27')
INSERT INTO deposite VALUES (106,'SANDIP','ANDHERI',2000,'1996-3-31')
INSERT INTO deposite VALUES (107,'SHIVANI','VIRAR',1000,'1995-9-5')
INSERT INTO deposite VALUES (108,'KRANTI','NEHRU PLACE',5000,'1995-7-2')
INSERT INTO deposite VALUES (109,'MINU','POWAI',7000,'1995-8-10')

SELECT *From Deposite

INSERT INTO branch VALUES('VRCE','NAGPUR')
INSERT INTO branch VALUES('AJNI','NAGPUR')
INSERT INTO branch VALUES('KAROLBAGH','DELHI')
INSERT INTO branch VALUES('CHANDI','DELHI')
INSERT INTO branch VALUES('DHARAMPETH','NAGPUR')
INSERT INTO branch VALUES('M.G.ROAD','BANGLORE')
INSERT INTO branch VALUES('ANDHERI','BOMBAY')
INSERT INTO branch VALUES('VIRAR','BOMBAY')
INSERT INTO branch VALUES('NEHRU NAGAR','DELHI')
INSERT INTO branch VALUES('POWAI','BOMBAY')

SELECT *From Branch

INSERT INTO Customers VALUES('ANIL','CALCUTTA')
INSERT INTO Customers VALUES('SUNIL','DELHI')
INSERT INTO Customers VALUES('MEHUL','BARODA')
INSERT INTO Customers VALUES('MANDAR','SURAT')
INSERT INTO Customers VALUES('MADHURI','NAGPUR')
INSERT INTO Customers VALUES('PRAMOD','NAGPUR')
INSERT INTO Customers VALUES('SANDIP','SURAT')
INSERT INTO Customers VALUES('SHIVANI','BOMBAY')
INSERT INTO Customers VALUES('KRANTI','BOMBAY')
INSERT INTO Customers VALUES('NAREN','BOMBAY')

SELECT *From Customers

INSERT INTO Borrow VALUES(201,'ANIL','VRCE',1000)
INSERT INTO Borrow VALUES(206,'MEHUL','AJNI',5000)
INSERT INTO Borrow VALUES(311,'SUNIL','DHARAMPETH',3000)
INSERT INTO Borrow VALUES(321,'MADHURI','ANDHERI',2000)
INSERT INTO Borrow VALUES(375,'PRAMOD','VIRAR',8000)
INSERT INTO Borrow VALUES(481,'KRANTI','NEHRU PLACE',3000)

SELECT *From Borrow